bacteria1,bacteria2,LNA,MNA,HNA,algae1,algae2
3.397940009,0,3.397940009,4.579785,4.954244,3,3.301029996
3.397940009,3.301029996,4.579784,4.954243,7.204119983,3,7.204119983
7.204119983,6.301029996,,,,7.204119983,7.204119983
7.204119983,0,,,,7.204119983,3.301029996
